1036;202035;LATEX OPONY S.A.;false;19.06.2017 20:35;language-flag flag-pl
1073;1144;Inbud-Faro S.A. ;false;19.06.2017 20:09;language-flag flag-pl
945484;200230;GLOBE TYRE Sp.z o.o. S.k.;false;17.06.2017 13:37;language-flag flag-pl
2396;1399;Moto-Projekt Sp. z o.o.;false;19.06.2017 20:35;language-flag flag-pl
131741;205804;TECHMOT Sp. z o.o.;false;19.06.2017 14:49;language-flag flag-pl
35461542;1545;Lucky Star Polska sp. z o.o.;false;19.06.2017 16:50;language-flag flag-pl
1202;205024;EREIFEN Sp. z o.o.;false;19.06.2017 20:35;language-flag flag-pl
1203;1598;Sowada Spółka Jawna;false;19.06.2017 20:35;language-flag flag-pl
6853305;1984;VIDIS SPÃ“ÅKA AKCYJNA;false;19.06.2017 13:14;language-flag flag-pl
1228;1318;Everest;false;19.06.2017 20:35;language-flag flag-pl
2511;207768;OPOX Sp. z o.o. ;false;19.06.2017 20:35;language-flag flag-pl
1058;1557;De Klok Banden B.V.;false;19.06.2017 20:35;language-flag flag-nl
1072;1458;Euro Tyre B.V. (Lagerort+MwSt. Deutschland);false;19.06.2017 20:35;language-flag flag-nl
116823;200070;Carmar B.V.;false;19.06.2017 19:33;language-flag flag-nl
1120;209373;Gummistrada BV;false;19.06.2017 20:35;language-flag flag-nl
749959;1737;TTI  Tyre Trading International b.v.;false;19.06.2017 19:11;language-flag flag-nl
128393;209697;Tyrenet Nooteboom;false;19.06.2017 20:35;language-flag flag-nl
1434;1209;Summa;false;19.06.2017 20:35;language-flag flag-nl
1457;1884;Inter-Sprint Banden B.V.;false;19.06.2017 20:35;language-flag flag-nl
162226615;200427;De Bandenhoek;false;19.06.2017 15:33;language-flag flag-nl
1221575;1686;Van Aalderen Twen-Tyre B.V.;false;19.06.2017 20:35;language-flag flag-nl
2510;201789;Dabeko B.V.;false;19.06.2017 17:33;language-flag flag-nl
11229;205126;Wittebrug Autogroep B.V.;false;13.01.2017 11:17;language-flag flag-nl
9593077;205713;Jasons Tyres;false;17.06.2017 14:25;language-flag flag-nl
179758;209249;Muller pneus s.Ã .r.l.;false;19.06.2017 20:09;language-flag flag-lu
1039;1185;Felappi S.R.L.;false;19.06.2017 20:35;language-flag flag-it
1078;1051;Overgom S.r.l.;false;19.06.2017 20:35;language-flag flag-it
3209;1576;Reifen Hochrainer GmbH;false;19.06.2017 20:35;language-flag flag-it
851370;1501;Spiezia Pneumatici srl;false;19.06.2017 16:35;language-flag flag-it
130231;1837;Euroreifen MS S.R.L. (spediz. 3/5 giorni);false;19.06.2017 20:35;language-flag flag-it
128998;208990;ETTORRE DISTRIBUZIONE SPA;false;19.06.2017 20:35;language-flag flag-it
134906;207415;Spiezia Pneumatici SRL;false;19.06.2017 20:35;language-flag flag-it
1061;1641;Automatictyres 3 DE;false;19.06.2017 20:35;language-flag flag-fr
1324;1121;Deltapneus;false;19.06.2017 20:35;language-flag flag-fr
123002997;208904;Global Tyre Services (GTS);false;19.06.2017 20:35;language-flag flag-fr
1031;200322;Neumáticos Andrés S.A.U. . ;false;19.06.2017 20:35;language-flag flag-es
129555;202932;NeumÃ¡ticos AndrÃ©s S.A.U. ..;false;19.06.2017 20:35;language-flag flag-es
1275;1972;Neumáticos Andrés S.A.U.;false;19.06.2017 20:35;language-flag flag-es
1184;1071;Nordisk Dæk Import A/S   ;false;19.06.2017 20:35;language-flag flag-dk
1;1921;KPS Reifen GmbH;true;19.06.2017 20:09;language-flag flag-de
1025;1233;Reifen Hohmann GmbH;true;19.06.2017 20:35;language-flag flag-de
1026;204148;Reifen Brod GmbH.;true;19.06.2017 20:35;language-flag flag-de
3586;1201;SEMEX Reifengroßhandels GmbH;true;19.06.2017 20:35;language-flag flag-de
3;206896;www Reifenplattform GmbH;true;19.06.2017 20:35;language-flag flag-de
1027;1137;BROFI Reifen & Autoservice GmbH;true;19.06.2017 20:35;language-flag flag-de
5;1164;IHLE Baden-Baden AG;true;19.06.2017 20:35;language-flag flag-de
1029;1120;Reifen Tanski;true;19.06.2017 20:35;language-flag flag-de
2295557;1659;Boxenstopp am Bodensee;true;19.06.2017 18:38;language-flag flag-de
1030661;143184;Reifen Buss;true;29.05.2017 13:59;language-flag flag-de
6;1922;1A Berlin Tyre GmbH & Co. KG;true;19.06.2017 20:35;language-flag flag-de
1030;1661;Wierlemann und Partner GmbH;true;19.06.2017 20:35;language-flag flag-de
3846;1558;Kreißler Technikhandel KG;true;19.06.2017 19:59;language-flag flag-de
26118;200679;Reber Reifenhaus & KFZ Service;true;19.06.2017 20:09;language-flag flag-de
8;1160;Pneureo GmbH & Co. KG;true;19.06.2017 20:35;language-flag flag-de
1032;1780;Reifen Deubzer GmbH;true;19.06.2017 20:35;language-flag flag-de
1993992;1891;MÃ¼nchner Oldtimer Reifen GmbH;true;19.06.2017 17:37;language-flag flag-de
4111624;29627;Reifen ARS;true;19.06.2017 16:50;language-flag flag-de
9;1587;Tyremotive GmbH;true;19.06.2017 20:35;language-flag flag-de
10;1577;Mayerosch Offroadreifen GmbH & Co KG;true;13.01.2017 12:48;language-flag flag-de
11;207450;inReifen.de;true;19.06.2017 20:35;language-flag flag-de
1035;203645;Reifen Bauer Tyre Distribution GmbH;true;13.01.2017 11:17;language-flag flag-de
1909004;1962;XTRA Wheels Design GmbH;true;19.06.2017 10:32;language-flag flag-de
161262093;115349;Fritz Riedl;true;19.06.2017 13:27;language-flag flag-de
63396368;49390;HSW Handels-und Service GmbH;true;10.06.2017 12:27;language-flag flag-de
10262033;4127;Reifen-Center Kuchenreiter Ltd.;true;19.06.2017 17:27;language-flag flag-de
1042;1290;Reifen Göggel;true;19.06.2017 20:35;language-flag flag-de
38803986;14118;B & C Reifenshop GmbH;true;26.05.2017 09:26;language-flag flag-de
10117139;208000;Tyres 4 You GmbH & Co. KG;true;19.06.2017 20:35;language-flag flag-de
2337044;4167;Reifentechnik Schmenger;true;17.06.2017 11:06;language-flag flag-de
1045;1006;Reifen Specht Handels GmbH;true;19.06.2017 20:35;language-flag flag-de
1046;1730;Eska Reifendienst;true;19.06.2017 20:35;language-flag flag-de
47591446;3872;Reifen Golbeck;true;01.06.2017 15:10;language-flag flag-de
11752726;3449;Reifen-Hermann GmbH;true;19.06.2017 13:34;language-flag flag-de
1492760;70369;Bernd Hansler;true;23.05.2017 17:01;language-flag flag-de
129048;200290;WheelsToGo GmbH;true;19.06.2017 20:35;language-flag flag-de
4063257;206848;Paul Patek;true;19.06.2017 12:14;language-flag flag-de
1050;1848;tirecorp GmbH;true;19.06.2017 20:35;language-flag flag-de
1051;1599;Reifen Quest GmbH;true;19.06.2017 20:35;language-flag flag-de
1307;1056;B+B Reifencenter GmbH;true;19.06.2017 20:35;language-flag flag-de
4228891;29642;Tyre Boss;true;19.06.2017 16:09;language-flag flag-de
1052;1648;Reiffa GmbH;true;19.06.2017 20:35;language-flag flag-de
10780;202826;Reifen Kaiser GmbH;true;19.06.2017 19:59;language-flag flag-de
834076;89686;Ralf Linden & Johann Werbanow GbR;true;17.06.2017 16:14;language-flag flag-de
1053;1778;Interpneu Handelsgesellschaft mbH;true;19.06.2017 20:35;language-flag flag-de
29502493;41740;Hirschvogel Service GmbH & Co. KG;true;03.06.2017 12:56;language-flag flag-de
67995933;4054;Tank & Service Sabine Buhne & Olaf Brunnert OHG;true;16.06.2017 20:36;language-flag flag-de
124701;7955;Reifen Rauschecker UG & Co. KG;true;13.01.2017 10:56;language-flag flag-de
1057;1740;Reifen Gundacker Reifengroßhandel;true;19.06.2017 20:35;language-flag flag-de
3361;5935;Reifen - Dimension - Nord   Point S;true;12.06.2017 18:14;language-flag flag-de
1570;1173;Xenter24 GmbH;true;19.06.2017 17:26;language-flag flag-de
3874;1733;Reifenzentrum Watzka;true;19.06.2017 19:33;language-flag flag-de
9762;1279;Dettenhofer Reifenhandel GmbH;true;19.06.2017 16:05;language-flag flag-de
1059;1958;Reifen Center Wolf GmbH & Co. KG;true;19.06.2017 20:35;language-flag flag-de
9763;1151;Kinzinger und Sohn KG;true;19.06.2017 20:35;language-flag flag-de
1060;1594;Reifen Brod GmbH;true;19.06.2017 20:35;language-flag flag-de
51616805;156933; Werner Billing;true;31.05.2017 12:35;language-flag flag-de
1062;209361;RPE GmbH;true;19.06.2017 20:35;language-flag flag-de
1063;1237;reifencom Einkaufsgesellschaft GmbH & Co. OHG;true;19.06.2017 20:35;language-flag flag-de
1064;203455;Wilhelm Schwenker GmbH & Co. KG;true;19.06.2017 18:47;language-flag flag-de
1321;1699;Tyres on line and Energy GmbH;true;19.06.2017 20:35;language-flag flag-de
1390633;36548;Thomas SchÃ¼ler GmbH;true;16.05.2017 08:47;language-flag flag-de
51753;1161;Reifen Heck GmbH;true;19.06.2017 17:27;language-flag flag-de
140637481;1082;Komplettradoutlet;true;17.06.2017 12:35;language-flag flag-de
143642922;5001;Autoglas & CarStyling e.K.;true;17.06.2017 17:59;language-flag flag-de
1067;1213;DBV Würzburg GmbH;true;19.06.2017 20:35;language-flag flag-de
3115;1537;Reifen-Ritter;true;19.06.2017 20:09;language-flag flag-de
38729771;27510;AHAG Coesfeld GmbH;true;25.05.2017 18:20;language-flag flag-de
4597038;39824;Autohaus Brass Vertriebs GmbH & Co. KG;true;19.06.2017 20:35;language-flag flag-de
1071;1153;Reifenvertrieb Seng GmbH;true;19.06.2017 20:35;language-flag flag-de
3631;1985;Reifen-Service Karakus GmbH;true;19.06.2017 20:35;language-flag flag-de
10159408;8189;Bahlinger GmbH;true;19.06.2017 09:28;language-flag flag-de
1074;1178;Reifenshop.de Vertriebsgesellschaft mbH;true;19.06.2017 20:35;language-flag flag-de
1296434;1265;Drewske Tuning GmbH;true;17.06.2017 17:15;language-flag flag-de
1075;1975;Reifen Gundlach GmbH;true;19.06.2017 20:35;language-flag flag-de
1331;201842;IT POWER ANT GmbH;true;19.06.2017 19:28;language-flag flag-de
151304500;166368;Jacobs Automobile GmbH & Co. KG;true;16.06.2017 18:10;language-flag flag-de
1077;1387;Reifenhaus Caspar Wrede GmbH;true;19.06.2017 20:35;language-flag flag-de
136213301;158142;Wheelscompany GmbH;true;16.06.2017 19:13;language-flag flag-de
138028854;2900;Reifen Reuber;true;16.06.2017 20:03;language-flag flag-de
36407;1102;Reifen Müller KG (Hammelburg);false;19.06.2017 20:35;language-flag flag-de
1336;1072;Reifen-Berg GmbH;true;19.06.2017 20:35;language-flag flag-de
1081;1906;MJ-Reifenvertrieb;true;19.06.2017 20:35;language-flag flag-de
5433;1637;K+K Reifenservice GmbH;true;19.06.2017 20:35;language-flag flag-de
10297;1561;Reifencenter Rottweil GmbH;true;19.06.2017 20:35;language-flag flag-de
18355771;8081;Reifen Gesell-Buerrig GmbH & Co. KG;true;03.06.2017 14:56;language-flag flag-de
17611579;34951;Volker Wolf;true;19.06.2017 10:57;language-flag flag-de
1084;1738;Avarus Automotive GmbH;true;19.06.2017 18:47;language-flag flag-de
109829692;206673;Tuning Lifestyle GbR;true;17.06.2017 19:45;language-flag flag-de
1087;1858;A.T.S. Wesel GmbH;true;19.06.2017 20:35;language-flag flag-de
1345;207305;Reifenvertrieb Seng GmbH - Express;true;19.06.2017 20:35;language-flag flag-de
71233;207125;tyre1 Bautzen ;true;19.06.2017 20:35;language-flag flag-de
1346;1115;Reifenvertrieb24 GmbH  (Hessen-Tyres);true;19.06.2017 20:35;language-flag flag-de
2883;1252;Bachström Autotechnik und Reifen GmbH ;true;19.06.2017 17:33;language-flag flag-de
9027;1914;Reifen Wiese;true;19.06.2017 20:35;language-flag flag-de
134298179;205019;B.S.R. Bavaria Spezial Rad GmbH;true;19.06.2017 16:02;language-flag flag-de
5625668;218101;GP-Reifen;true;03.06.2017 16:53;language-flag flag-de
1093;1549;Maier´s Reifen-Center;true;19.06.2017 20:35;language-flag flag-de
2570310;34321;RH Alurad GmbH;true;19.06.2017 15:14;language-flag flag-de
1095;1475;Tyre Express GmbH;true;19.06.2017 20:35;language-flag flag-de
2887;1995;Reifen Fischer GmbH;true;19.06.2017 20:34;language-flag flag-de
3399;1524;Reifen-Räder-Schnelldienst GmbH;true;19.06.2017 19:34;language-flag flag-de
1097;1952;Reifen-Meyenburg GmbH & Co. KG;true;19.06.2017 20:35;language-flag flag-de
1098;1745;tyre1 - Reifen Krupp ;true;19.06.2017 20:35;language-flag flag-de
1354;1813;Alcando GmbH;true;19.06.2017 20:09;language-flag flag-de
1355;1683;Reifen Vertrieb 24 Lindner GmbH;true;19.06.2017 20:35;language-flag flag-de
2380;1247;Reifen Pongratz;true;19.06.2017 20:35;language-flag flag-de
12877;1678;BaRo GmbH;true;19.06.2017 08:53;language-flag flag-de
1103;1187;Burkhardt Reifen- und Rädervertrieb GmbH & Co. KG;true;19.06.2017 20:35;language-flag flag-de
4175;1810;RR Team GmbH;true;19.06.2017 20:35;language-flag flag-de
10116687;84955;Abgefahrn e.K.;true;19.06.2017 09:28;language-flag flag-de
2384;1981;Reifen Pinke GmbH;true;19.06.2017 20:35;language-flag flag-de
1105;1520;Reifenzentrale Becker GmbH;true;19.06.2017 20:35;language-flag flag-de
16184401;43681;Hans Pischinger GmbH;true;17.06.2017 20:21;language-flag flag-de
1106;1080;Otto Just GmbH & Co. KG;true;19.06.2017 20:35;language-flag flag-de
72274;205721;Hirsch KFZ-Teile Import und Großhandels GmbH;true;17.06.2017 19:36;language-flag flag-de
129875;201239;KLS Reifengrosshandel GmbH;true;19.06.2017 20:35;language-flag flag-de
2900;1690;Reifenhandel Dilling;true;19.06.2017 20:35;language-flag flag-de
68629334;75031;Schwab & Co. OHG;true;17.06.2017 08:54;language-flag flag-de
152716374;206351;Autotechnik RE-EL-DI GmbH;true;17.06.2017 15:53;language-flag flag-de
9391958;45079;Yasir Tutar;true;19.06.2017 20:35;language-flag flag-de
1367;1761;Reifen Baierlacher KG Groß- und Einzelhandel;true;19.06.2017 20:35;language-flag flag-de
659287;201200;Zuschke & Noack GmbH;true;19.06.2017 20:09;language-flag flag-de
128343;1044;G+H Reifen GmbH;true;13.01.2017 11:18;language-flag flag-de
1112;1478;JUBO;true;25.05.2017 21:29;language-flag flag-de
1368;1011;Reifenhus D&F GmbH;true;19.06.2017 20:35;language-flag flag-de
3416;1513;Lips Reifenhandel GmbH;true;19.06.2017 20:35;language-flag flag-de
1369;1094;ARV Reifen GmbH;true;19.06.2017 20:35;language-flag flag-de
1626;1743;Reifen Woerlen;true;19.06.2017 20:35;language-flag flag-de
1371;1214;4 Fleet Group GmbH TYSYS;true;13.01.2017 10:14;language-flag flag-de
3675;1298;Baltic Tyre GmbH;true;19.06.2017 20:16;language-flag flag-de
1372;1856;Reifen Hohmann GmbH - Express;true;19.06.2017 20:35;language-flag flag-de
1117;1741;SW-Reifenhandel GmbH;true;19.06.2017 20:35;language-flag flag-de
1373;1215;Vetys GmbH;true;19.06.2017 20:35;language-flag flag-de
50781;6355;Robert Jäger GmbH;true;13.01.2017 09:54;language-flag flag-de
1119;1162;Zweiradbereifung Hohl GmbH;true;19.06.2017 19:24;language-flag flag-de
1375;1083;Polybauer Kunststofftechnik GmbH;true;19.06.2017 20:09;language-flag flag-de
1121;1061;Rodamoto Deutschland , Urbarrio S.L.;true;19.06.2017 20:35;language-flag flag-de
2657;1016;Reifen-Eyring GmbH;true;19.06.2017 20:35;language-flag flag-de
48106081;135754;Autotec St. Wendel;true;07.06.2017 15:31;language-flag flag-de
70778209;68545;Josef Paul GmbH & Co. KG;true;17.06.2017 14:03;language-flag flag-de
4992098;5309;Klingenberg Truck & Car Wash-Stop GmbH;true;17.06.2017 17:03;language-flag flag-de
3428;1236;Küke Vertriebsgesellschaft mbH;true;19.06.2017 20:35;language-flag flag-de
1328228;1642;Reifen Schnabel;true;19.06.2017 18:23;language-flag flag-de
1381;1899;Hegemann GmbH;true;19.06.2017 19:34;language-flag flag-de
7701606;74937;Reifen Center AC GmbH;true;17.06.2017 17:50;language-flag flag-de
2663;204607;Ernst Dello GmbH & Co. KG;true;19.06.2017 17:00;language-flag flag-de
128359;204992;VMS Reifen GMBH;true;19.06.2017 20:35;language-flag flag-de
113180519;196763;HÃ¶llring Reifen Ltd & Co KG;true;15.06.2017 09:16;language-flag flag-de
1128;1517;Rduch Reifendepot OHG;true;19.06.2017 20:35;language-flag flag-de
1384;201786;Meyer Lissendorf GmbH;true;19.06.2017 20:09;language-flag flag-de
9577;202609;Reifenprofi GmbH;true;19.06.2017 16:18;language-flag flag-de
123170410;61240;Reifen Erdmann GmbH & Co. KG;true;16.06.2017 16:20;language-flag flag-de
799083;1915;Adriane Schmidt GmbH;true;17.06.2017 17:56;language-flag flag-de
25381484;19060;KraniRA - Kfz GmbH;true;06.06.2017 08:58;language-flag flag-de
65902;1805;Pneumobil GmbH;true;19.06.2017 20:35;language-flag flag-de
1390;1375;MW Deutschland GmbH;true;19.06.2017 20:09;language-flag flag-de
19763824;32762;Car4europe e.K.;true;15.06.2017 13:40;language-flag flag-de
71537;1159;RSD Reifen-Service-Discount GmbH;true;19.06.2017 20:35;language-flag flag-de
11889;1634;Gebr. Bolz GmbH;true;19.06.2017 17:46;language-flag flag-de
49777;1041;Reifen und RäderStore GmbH;true;19.06.2017 18:56;language-flag flag-de
128881;1653;proReifen.com GmbH;true;19.06.2017 20:35;language-flag flag-de
6514;1126;Tyreweb GmbH;true;19.06.2017 18:08;language-flag flag-de
128370;1694;Rhino Reifen GmbH;true;19.06.2017 20:35;language-flag flag-de
15542646;180927;comdan GmbH;true;17.06.2017 19:04;language-flag flag-de
100766584;211264;E.M.T. Kfz-Service GbR;true;19.06.2017 10:21;language-flag flag-de
1149;1103;K&K die Räderprofis GmbH;true;19.06.2017 20:09;language-flag flag-de
950141;73248;Aleksej Anikeev;true;17.06.2017 10:28;language-flag flag-de
10136957;1199;Exklusiv Concept GmbH;true;19.06.2017 14:25;language-flag flag-de
4129406;50533;Car- Zweiradcenter Schwenningen;true;19.05.2017 15:10;language-flag flag-de
2942;200024;ReiWaDirekt - Reifenvertrieb e.K.;true;19.06.2017 20:35;language-flag flag-de
3456;1544;Eilers Reifen;true;19.06.2017 20:35;language-flag flag-de
20027520;8868;Feucht & KÃ¶nig GbR;true;09.06.2017 16:31;language-flag flag-de
146256258;2322;Fischer GmbH;true;19.06.2017 10:13;language-flag flag-de
1358468;173427;Neils & Kraft GmbH & Co. KG;true;19.06.2017 14:49;language-flag flag-de
1157;1421;RATZ Einkaufsgesellschaft mbH;true;19.06.2017 20:35;language-flag flag-de
3205;1406;WW Reifen GmbH;true;19.06.2017 20:09;language-flag flag-de
1158;1811;Reifenhandel Kessler GmbH;true;19.06.2017 20:35;language-flag flag-de
66950;1394;Oldtimer- und Weißwandreifen Harald Möller GmbH;true;19.06.2017 17:42;language-flag flag-de
11233670;15861;Manfred Konrad GmbH;true;16.06.2017 18:42;language-flag flag-de
3207;1791;RwieReifen;true;13.01.2017 11:18;language-flag flag-de
1160;1477;Werner Habitzki GmbH & Co.;true;19.06.2017 20:35;language-flag flag-de
128392;209231;Tyres in Stock GmbH;true;19.06.2017 20:35;language-flag flag-de
1161;1294;AVG Aluminiumräder-Vertriebsgesellschaft mbH;true;19.06.2017 20:35;language-flag flag-de
4233;1857;Reifen-Hess;true;19.06.2017 20:35;language-flag flag-de
2954;1504;Reifenhaus Caspar Wrede GmbH.;true;19.06.2017 17:31;language-flag flag-de
1260938;1435;MTD Reifen;true;19.06.2017 13:43;language-flag flag-de
3211;202468;Greiter GmbH;true;19.06.2017 20:35;language-flag flag-de
1164;1792;Gewe Reifengroßhandel GmbH;true;19.06.2017 20:35;language-flag flag-de
52876;209698;Reifen Arendt;true;19.06.2017 20:35;language-flag flag-de
4765069;22653;Reifen Braun;true;17.06.2017 15:05;language-flag flag-de
1422;1487;Reifen Straub GmbH ;true;19.06.2017 20:35;language-flag flag-de
1138318;1157;Delta GelÃ¤ndesport und ZubehÃ¶r Handels GmbH;true;19.06.2017 17:18;language-flag flag-de
664207;1505;Reifen MÃ¼ller GmbH Point S;true;19.06.2017 20:35;language-flag flag-de
1424;1525;AMA;true;19.06.2017 20:35;language-flag flag-de
3216;1395;Hämmerling;true;19.06.2017 20:09;language-flag flag-de
29840;82246;Reifen & Autoservice 2001 GmbH;true;19.06.2017 15:37;language-flag flag-de
121234;201545;ML Reifen GmbH;true;19.06.2017 19:25;language-flag flag-de
102344595;173777;Carlos Ramperez y Carrasco;true;17.06.2017 19:33;language-flag flag-de
45205;80533;Boxenstopp am Bodensee;true;13.01.2017 11:16;language-flag flag-de
1175;1534;Reifenservice Dorn GmbH;true;19.06.2017 20:35;language-flag flag-de
1176;1843;MoTi Reifen GmbH;true;19.06.2017 20:35;language-flag flag-de
125337;203360;Inter Tyres Germany;true;13.01.2017 11:02;language-flag flag-de
128921;1086;pneugo! GmbH;true;19.06.2017 19:33;language-flag flag-de
130715;201541;alga Reifen GmbH & Co.KG.;true;19.06.2017 20:35;language-flag flag-de
15802012;5748;D & W Reifenservice GmbH;true;19.06.2017 15:37;language-flag flag-de
9165981;229722;Yilmaz Celik;true;16.06.2017 18:59;language-flag flag-de
1182;1100;Reifenhandel Schmidt OHG;true;19.06.2017 20:35;language-flag flag-de
1439;1366;Reifen Keskin GmbH;true;19.06.2017 20:16;language-flag flag-de
6049;1277;Reifen John GmbH & Co. KG;true;19.06.2017 19:37;language-flag flag-de
54689;1603;QTV GmbH;true;19.06.2017 18:52;language-flag flag-de
1442;1167;Reifen Schubert GmbH;true;19.06.2017 20:35;language-flag flag-de
30115;1046;Reifen Pfeil GmbH;true;19.06.2017 20:09;language-flag flag-de
1490851;172967;Sendis GmbH ;true;19.06.2017 19:04;language-flag flag-de
1188;208804;Auto Center Nord GmbH;true;19.06.2017 20:35;language-flag flag-de
1189;1760;Reinhard Kastner;true;19.06.2017 20:35;language-flag flag-de
3494822;170241;autoraeder24 GmbH;true;08.06.2017 18:43;language-flag flag-de
9333415;106378;Auto Baier GmbH & Co.KG;true;10.06.2017 20:35;language-flag flag-de
1192;1994;FEN - Reifen GmbH;true;19.06.2017 20:35;language-flag flag-de
13732266;245190;Brands Fahrzeugtechnik;true;16.05.2017 08:47;language-flag flag-de
4834218;5047;Premio Reifen Service;true;17.06.2017 11:53;language-flag flag-de
10096556;37711;PP Die Profilprofis Willich UG;true;09.06.2017 19:22;language-flag flag-de
147966636;81774;Autohaus Guder GmbH;true;19.06.2017 15:01;language-flag flag-de
3246;1825;Reifen Ludwig GmbH;true;19.06.2017 20:35;language-flag flag-de
11438;90270;Alexandra Mönckert;true;11.01.2017 16:32;language-flag flag-de
8879;1480;Reifen Knöpfel GmbH;true;19.06.2017 20:35;language-flag flag-de
9496239;127675;Musketier Exclusiv Tuning GmbH;true;19.06.2017 09:28;language-flag flag-de
1509040;226868;STA Reifen GmbH;true;19.06.2017 09:09;language-flag flag-de
2992;208927;Tyre Trade Center e.K;true;19.06.2017 19:39;language-flag flag-de
1492912;246636;Schwalm-Speed GmbH & Co. KG;true;19.06.2017 15:18;language-flag flag-de
40313010;176520;Jacobs Automobile Erkelenz GmbH;true;17.06.2017 09:35;language-flag flag-de
1994165;71980;Hagemann GmbH;true;19.06.2017 11:21;language-flag flag-de
18740405;233103;Rudolf Neufeld;true;19.06.2017 16:15;language-flag flag-de
124599;5379;Reifen Reuter KG;true;19.06.2017 20:09;language-flag flag-de
1653688;9361;Reifen-Center Nilkheim;true;09.06.2017 15:14;language-flag flag-de
1209;1263;Reifen Grübl;true;19.06.2017 20:35;language-flag flag-de
4771769;62206;Sven Mieta;true;17.05.2017 14:49;language-flag flag-de
4620474;1468;mbDESIGN GmbH & Co. KG;true;19.06.2017 13:43;language-flag flag-de
2747;1863;G&H Reifen GmbH;true;19.06.2017 17:18;language-flag flag-de
66748;1348;Profilreifen24 GmbH;true;19.06.2017 15:57;language-flag flag-de
3643580;1174;Tomason GmbH;true;17.06.2017 16:41;language-flag flag-de
1213;1767;CBW Reifengrosshandel GmbH;true;19.06.2017 20:35;language-flag flag-de
3517;1503;CSC Spretz GmbH;true;19.06.2017 20:35;language-flag flag-de
7829438;225390;Margaritis Trucks GmbH;true;13.05.2017 15:57;language-flag flag-de
3263;1000;Reifen Göttfert;true;19.06.2017 15:57;language-flag flag-de
11967;208980;Reifen Service Lomakin;true;14.06.2017 15:26;language-flag flag-de
3522;1418;Reifen-Markt.com GmbH;true;19.06.2017 20:35;language-flag flag-de
145693891;221312;Jens Renninger ;true;19.06.2017 09:28;language-flag flag-de
12484;206970;Reifenhandel Najde;true;17.06.2017 18:40;language-flag flag-de
71109;202745;tyre1 Chemnitz ;true;19.06.2017 20:35;language-flag flag-de
71623;88123;Vladimir Penz;true;19.06.2017 15:41;language-flag flag-de
18328519;9949;Reifen Zeyer  point S;true;17.06.2017 15:31;language-flag flag-de
1544136;59812;SGR AnhÃ¤nger- & Reifencenter GmbH;true;19.06.2017 15:10;language-flag flag-de
51745992;25525;Reifen - Loritz;true;08.06.2017 12:57;language-flag flag-de
3530;1838;Reifen Gundacker Reifengroßhandel.;true;19.06.2017 20:09;language-flag flag-de
6090;1234;Taunus Reifen e.K.;true;19.06.2017 20:35;language-flag flag-de
134225098;36265;Reifen KÃ¶ppl GmbH;true;19.06.2017 15:51;language-flag flag-de
8335563;238444;Reifen Schuster e.K.;true;17.06.2017 17:20;language-flag flag-de
1229;1685;Rieger + Ludwig Reifenzentrale GmbH;true;19.06.2017 20:35;language-flag flag-de
1492686;249003;Raupp Alexander & Raupp Jan-Hendrik GbR;true;19.06.2017 16:21;language-flag flag-de
1231;1554;Reifen-Punkt GmbH;true;19.06.2017 20:35;language-flag flag-de
7310031;122500;La Linea Franca GmbH;true;16.06.2017 18:51;language-flag flag-de
12614098;43112;Wilhelm Baumann GmbH;true;17.06.2017 17:34;language-flag flag-de
18440915;162302;intertyre Handelsgesellschaft mbH;true;09.06.2017 13:13;language-flag flag-de
16721108;58730;Michaela BÃ¼gler;true;06.06.2017 15:22;language-flag flag-de
5448149;5262;Hugo Pfohe GmbH;true;17.06.2017 11:02;language-flag flag-de
50646;1334;Helmut Buer GmbH & Co. KG;true;13.01.2017 10:06;language-flag flag-de
1495;1759;Hans Pischinger GmbH ;true;19.06.2017 20:35;language-flag flag-de
14430423;42425;Joseph Brass GmbH & Co. KG;true;19.06.2017 16:15;language-flag flag-de
21360855;152443;Autohaus GÃ¼nther GmbH;true;19.06.2017 09:28;language-flag flag-de
1241;201451;Reifen Bernauer GmbH;true;19.06.2017 20:35;language-flag flag-de
67571929;9408;Rico Fini;true;12.06.2017 13:41;language-flag flag-de
21880537;45031;Roland Sallmann GmbH;true;01.06.2017 17:07;language-flag flag-de
75365082;182698;Andreas Krasnic;true;13.06.2017 12:17;language-flag flag-de
5116381;99009;Breuer;true;03.06.2017 17:07;language-flag flag-de
6915038;79337;Torsten Wagner /  VBW-Tires;true;19.06.2017 17:53;language-flag flag-de
15523294;1405;REIFF Reutlingen;true;18.05.2017 13:40;language-flag flag-de
4319;1812;MD-Tuning;true;19.06.2017 20:35;language-flag flag-de
124895;1560;Power Matrix GmbH;true;19.06.2017 10:32;language-flag flag-de
5799904;1888;Reifen 1a UG;true;19.06.2017 12:14;language-flag flag-de
12001;68912;Werner Meier & Daniel Meier GbR;true;19.06.2017 20:08;language-flag flag-de
136006113;41037;Thomas Pokovec;true;16.06.2017 16:39;language-flag flag-de
1171425;200927;MS Reifen & RÃ¤der Service;true;19.06.2017 14:58;language-flag flag-de
19853794;111814;Reifen Koch GmbH;true;17.06.2017 18:51;language-flag flag-de
15075;1039;Auto- und Reifen-Service Luther GmbH;true;19.06.2017 19:11;language-flag flag-de
1137635;9641;Reifenservice H. Akay;true;06.06.2017 09:25;language-flag flag-de
5092;50325;RRZ Reifen-Räder-Zubehör GmbH;true;09.06.2017 12:20;language-flag flag-de
2867941;1067;JLTyres GmbH;true;19.06.2017 19:39;language-flag flag-de
851430;60245;AutoCenter Wimmer GmbH & Co KG;true;19.06.2017 17:00;language-flag flag-de
3047;201631;alga Reifen GmbH & Co. KG;true;19.06.2017 20:01;language-flag flag-de
4071;203600;Tyre Boss;true;19.06.2017 20:35;language-flag flag-de
8776423;41679;Speedtecs GmbH;true;24.05.2017 17:46;language-flag flag-de
100991465;139830;Claus Jobst;true;19.06.2017 09:26;language-flag flag-de
1513;1020;KMH-Reifen GbR;true;19.06.2017 20:35;language-flag flag-de
1258;1742;RFZ Reifenfachzentrum-Ruhr GmbH;true;19.06.2017 20:35;language-flag flag-de
3818;1338;NB-Performance GmbH;true;19.06.2017 20:35;language-flag flag-de
27371;1556;Reifen Zucki;true;19.06.2017 20:35;language-flag flag-de
659180;9957;Reifen-Klessinger GmbH;true;19.06.2017 15:06;language-flag flag-de
109940972;219545;Autozentrum Gerresheim GmbH & Co. KG;true;19.06.2017 12:18;language-flag flag-de
2462959;4523;Reifen-Derbogen GmbH;true;19.06.2017 14:54;language-flag flag-de
1264;1419;B. Fuhrmann Einzelhandel GmbH;true;19.06.2017 20:35;language-flag flag-de
3312;1585;pointS Krause;true;19.06.2017 20:09;language-flag flag-de
48880;1569;Autoteile Jakobs GmbH & Co. KG;true;19.06.2017 18:42;language-flag flag-de
87704817;4464;Auto ThÃ¼llen Aachen GmbH & Co. KG;true;03.06.2017 17:50;language-flag flag-de
1267;1529;Reifen + Motorradsport Walter;true;19.06.2017 20:35;language-flag flag-de
9593076;201533;Tyremovers GmbH;true;17.06.2017 14:25;language-flag flag-de
2549;1147;Reifen Herceg & Morreale GmbH;true;19.06.2017 17:53;language-flag flag-de
4085;1628;Reifen Mönig GmbH;true;19.06.2017 17:18;language-flag flag-de
1399541;1510;Konrad Kiefer GmbH;true;19.06.2017 16:58;language-flag flag-de
1014;1718;Reifen Ickes GmbH & Co. KG;true;19.06.2017 20:35;language-flag flag-de
4086;208294;Beast GmbH;true;19.06.2017 20:35;language-flag flag-de
1015;1989;Reifen Krieg GmbH;true;19.06.2017 20:35;language-flag flag-de
1016;209746;D & W Reifenservice GmbH;true;19.06.2017 20:35;language-flag flag-de
16580600;31788;Matthias Paul;true;17.06.2017 10:19;language-flag flag-de
1017;1084;RS Exclusiv Reifengroßhandel GmbH;true;19.06.2017 20:35;language-flag flag-de
1018;1479;tyre1 - Hanse-Trading;true;19.06.2017 20:35;language-flag flag-de
1530;1600;Maier´s Reifen-Center.;true;19.06.2017 20:35;language-flag flag-de
1908986;230597;PEMA-AUTOTEILE.de / Inh. Peter Bewarder ;true;19.06.2017 13:43;language-flag flag-de
75847418;30882;Reifen-Drive-In GmbH;true;15.06.2017 10:06;language-flag flag-de
1019;1708;GB Reifenvertrieb GmbH;true;19.06.2017 20:35;language-flag flag-de
1020;1746;Kammerer Reifen GmbH;true;19.06.2017 20:35;language-flag flag-de
1022;200403;Reifen Nik-Müller KG;true;19.06.2017 20:35;language-flag flag-de
36132606;48386;ATF - Tuning GmbH;true;02.06.2017 09:12;language-flag flag-de
12287;1673;Brock Car Fashion GmbH;true;10.06.2017 14:50;language-flag flag-de
100767307;203014;Tomket s.r.o.;false;19.06.2017 20:35;language-flag flag-cz
128875;209116;TTG S.E.;false;19.06.2017 20:35;language-flag flag-cz
1021;1768;TIREX TYRE GROUP a. s.;false;13.01.2017 11:15;language-flag flag-cz
7;1134;Atraxion Bvba;false;19.06.2017 20:35;language-flag flag-be
1076;1900;MLV Banden BVBA;false;19.06.2017 11:14;language-flag flag-be
1109;1485;Tires Distribution N.V.;false;19.06.2017 20:35;language-flag flag-be
4470;1099;Bernaerts Tyres International;false;19.06.2017 20:35;language-flag flag-be
1444;1514;Deldo Autobanden N.V.;false;19.06.2017 20:35;language-flag flag-be
1028;1990;Hans Bruckmüller Reifengroßhandel GmbH;false;19.06.2017 20:35;language-flag flag-at
1033;1391;Reifen Team Varga GmbH;false;19.06.2017 20:35;language-flag flag-at
1034;1482;Reifen Team Varga GmbH.;false;19.06.2017 20:35;language-flag flag-at
4363;1329;REIFEN 2000 GmbH;false;19.06.2017 20:09;language-flag flag-at
1304;1454;Reifen Ruhdorfer GmbH;false;13.01.2017 12:47;language-flag flag-at
47137;1002;Wilfried Fleischmann Reifenhandel e.U.;false;19.06.2017 20:35;language-flag flag-at
1325;1797;RVG Reifen-VertriebsgmbH;false;13.01.2017 12:02;language-flag flag-at
1584;1426;ARG-Reifengroßhandel GmbH;false;19.06.2017 20:35;language-flag flag-at
2356;1365;Reifen Hollerweger Vertriebs GmbH;false;19.06.2017 20:35;language-flag flag-at
7480;1255;Reifen Jais GmbH;false;19.06.2017 18:23;language-flag flag-at
3922;1786;Topwheels Handels GmbH;false;19.06.2017 16:35;language-flag flag-at
10592;1772;W. Wittmann Ges.m.b.H;false;26.05.2017 16:45;language-flag flag-at
1387;1964;Reifen Wondraschek Gesellschaft m.b.H. ;false;19.06.2017 20:35;language-flag flag-at
3454;1330;RSP Reifen Kaufmann GmbH;false;19.06.2017 18:23;language-flag flag-at
5283;1499;Adalbert Kubesch & Co. KG;false;19.06.2017 20:09;language-flag flag-at
5836;204797;PETER HANNAK GES.M.B.H.;false;19.06.2017 18:09;language-flag flag-at
3303;1507;Kirilowitsch Ges.m.b.H. & Co. KG;false;19.06.2017 18:56;language-flag flag-at
10738;1433;Reifen NL GmbH;false;19.06.2017 19:59;language-flag flag-at
1273;1226;Vivax Trading GmbH;false;19.06.2017 20:35;language-flag flag-at
3132;0;Anonymer Grosshändler;true;11.01.2017 12:15;
